{"train_loss_step": 0.6675879955291748, "epoch": 117, "trainer/global_step": 5899, "_timestamp": 1713718671.1818838, "_runtime": 7645.784195899963, "_step": 351, "val_loss": 0.8648619651794434, "predictions_vs_actuals": {"_type": "image-file", "sha256": "340e54d5ea3474cc52b6701452dffc90ca810b212640d66e4fdc5fcf1428d38a", "size": 160170, "path": "media/images/predictions_vs_actuals_332_340e54d5ea3474cc52b6.png", "format": "png", "width": 1000, "height": 900}, "train_loss_epoch": 0.8637953996658325}