{"predictions_vs_actuals": {"_type": "plotly-file", "sha256": "c6a78cd5d3a9ad834b5780ec2d870c17b42ca8021a2f1cfc5f3cee7e3562de4c", "size": 15347, "path": "media/plotly/predictions_vs_actuals_223_c6a78cd5d3a9ad834b57.plotly.json"}, "_timestamp": 1714338915.5873733, "_runtime": 23384.773792266846, "_step": 225, "train_recon_loss_step": 0.3174756169319153, "train_kl_loss_step": 1902.4208984375, "train_loss_step": 0.3174756169319153, "epoch": 40, "trainer/global_step": 2049, "val_recon_loss": 0.17471212148666382, "val_kl_loss": 1869.75, "val_loss": 0.17471212148666382, "train_recon_loss_epoch": 0.24222208559513092, "train_kl_loss_epoch": 1834.0048828125, "train_loss_epoch": 0.24222208559513092, "_wandb": {"runtime": 23416}}