{"predictions_vs_actuals": {"_type": "plotly-file", "sha256": "d08994a6abe49abb57eaaec111f2b46aa6758fad8450df838e7a714243aa1d3d", "size": 12047, "path": "media/plotly/predictions_vs_actuals_190_d08994a6abe49abb57ea.plotly.json"}, "_timestamp": 1714238267.9106507, "_runtime": 4953.261921644211, "_step": 190, "train_loss_step": 0.9379419088363647, "epoch": 34, "trainer/global_step": 1739, "val_loss": 0.5759299993515015, "train_loss_epoch": 0.7117854952812195}