{"predictions_vs_actuals": {"_type": "plotly-file", "sha256": "3b510fcffc0770cc688a559b6262e06adf265161c6b06a7b8403933052d6cf23", "size": 12059, "path": "media/plotly/predictions_vs_actuals_75_3b510fcffc0770cc688a.plotly.json"}, "_timestamp": 1714306785.1723473, "_runtime": 1008.4026453495026, "_step": 77, "train_loss_step": 0.8917306661605835, "epoch": 13, "trainer/global_step": 699, "val_loss": 0.6552595496177673, "train_loss_epoch": 0.6941376328468323, "_wandb": {"runtime": 1009}}