{"train_loss_step": 0.8193886876106262, "epoch": 9, "trainer/global_step": 499, "_timestamp": 1713737060.838271, "_runtime": 1219.053966999054, "_step": 29, "val_loss": 0.8607332706451416, "predictions_vs_actuals": {"_type": "image-file", "sha256": "3e73e4648c330b234831cbdc729be628b5ca932c45345aead4a9b3789024ac87", "size": 177308, "path": "media/images/predictions_vs_actuals_2_3e73e4648c330b234831.png", "format": "png", "width": 1000, "height": 900}, "train_loss_epoch": 0.9061208367347717, "_wandb": {"runtime": 1328}}