{"val_loss": 0.8447050452232361, "epoch": 599, "trainer/global_step": 5999, "_timestamp": 1713745180.38789, "_runtime": 7161.770143985748, "_step": 1319, "predictions_vs_actuals": {"_type": "image-file", "sha256": "71b7c9911284a8f2383b40d932902e8ea6c5f55570d419c71c498f1a4f440885", "size": 159913, "path": "media/images/predictions_vs_actuals_1299_71b7c9911284a8f2383b.png", "format": "png", "width": 1000, "height": 900}, "train_loss_epoch": 0.8651158809661865, "train_loss_step": 0.8364276885986328, "_wandb": {"runtime": 7161}}