{"predictions_vs_actuals": {"_type": "plotly-file", "sha256": "12041b5eb2457805505936e3729746e263f37334b5723cebfb596eda1bd2f602", "size": 15348, "path": "media/plotly/predictions_vs_actuals_75_12041b5eb24578055059.plotly.json"}, "_timestamp": 1714308510.7242765, "_runtime": 1130.7025294303894, "_step": 77, "train_loss_step": 0.6154770851135254, "epoch": 13, "trainer/global_step": 699, "val_loss": 0.6265225410461426, "train_loss_epoch": 0.6537680625915527, "_wandb": {"runtime": 1139}}