{"predictions_vs_actuals": {"_type": "plotly-file", "sha256": "fcff51cf60431ef4e3bb7c3c51f2aa70f929c01077af344d189835a573c85a5a", "size": 10630, "path": "media/plotly/predictions_vs_actuals_223_fcff51cf60431ef4e3bb.plotly.json"}, "_timestamp": 1714304321.9782183, "_runtime": 4385.929989337921, "_step": 227, "train_loss_step": 0.9075875282287598, "epoch": 41, "trainer/global_step": 2079, "val_loss": 0.9855390787124634, "train_loss_epoch": 1.0827139616012573, "_wandb": {"runtime": 4403}}