{"predictions_vs_actuals": {"_type": "plotly-file", "sha256": "1cbc0397333c8e8b3d1e4f90feb12958013819b8528732c47977583a57adacbe", "size": 15437, "path": "media/plotly/predictions_vs_actuals_102_1cbc0397333c8e8b3d1e.plotly.json"}, "_timestamp": 1714312196.3939838, "_runtime": 2740.1534259319305, "_step": 105, "train_recon_loss_step": 0.6617860794067383, "train_kl_loss_step": 7.838010787963867e-05, "train_total_loss_step": 0.6618644595146179, "epoch": 19, "trainer/global_step": 959, "val_recon_loss": 0.6663511395454407, "val_kl_loss": 7.241964340209961e-05, "val_total_loss": 0.6664236187934875, "train_recon_loss_epoch": 0.6366124749183655, "train_kl_loss_epoch": 7.482886576326564e-05, "train_total_loss_epoch": 0.6366873383522034}