{"train_loss_step": 0.7237440943717957, "epoch": 490, "trainer/global_step": 24549, "_timestamp": 1713783075.4714568, "_runtime": 45856.40582680702, "_step": 1470, "val_loss": 0.8341886401176453, "predictions_vs_actuals": {"_type": "image-file", "sha256": "4ae3f1619ba79cce076ea8a158c9d7164ecd7b134dba7c09746bcc32bf4ed395", "size": 153953, "path": "media/images/predictions_vs_actuals_1442_4ae3f1619ba79cce076e.png", "format": "png", "width": 1000, "height": 900}, "train_loss_epoch": 0.8662642240524292}