{"predictions_vs_actuals": {"_type": "plotly-file", "sha256": "41134dfbb3dabb9b712fb4817e0e6987d08376ab947bd10ab75be7b9c68996c0", "size": 12027, "path": "media/plotly/predictions_vs_actuals_289_41134dfbb3dabb9b712f.plotly.json"}, "_timestamp": 1714294145.1691568, "_runtime": 35534.95888590813, "_step": 292, "train_loss_step": 0.4555029571056366, "epoch": 53, "trainer/global_step": 2659, "val_loss": 0.6364824175834656, "train_loss_epoch": 0.6320509314537048, "_wandb": {"runtime": 35542}}