{"predictions_vs_actuals": {"_type": "plotly-file", "sha256": "dac43b544808e14f0781ee78764b4259aac3e956eb057130bf9d45d3c048285f", "size": 15360, "path": "media/plotly/predictions_vs_actuals_3_dac43b544808e14f0781.plotly.json"}, "_timestamp": 1714309286.3852637, "_runtime": 74.64768171310425, "_step": 4, "train_recon_loss_step": 0.9130266904830933, "train_kl_loss_step": 0.021555453538894653, "train_total_loss_step": 0.9345821142196655, "epoch": 0, "trainer/global_step": 49, "val_recon_loss": 0.7499675154685974, "val_kl_loss": 0.009049851447343826, "val_total_loss": 0.7590174078941345, "_wandb": {"runtime": 73}}