{"predictions_vs_actuals": {"_type": "plotly-file", "sha256": "30d89f31a90b41cd089581199a0c6c1a779099276700e0271516dd0eef008f2f", "size": 12044, "path": "media/plotly/predictions_vs_actuals_75_30d89f31a90b41cd0895.plotly.json"}, "_timestamp": 1714258294.8955355, "_runtime": 1887.4818365573883, "_step": 77, "train_loss_step": 0.5251837968826294, "epoch": 13, "trainer/global_step": 699, "val_loss": 0.843984067440033, "train_loss_epoch": 0.8582630157470703, "_wandb": {"runtime": 1915}}